,Mediana,Média
2015,12.0,11.949285136228756
2016,10.0,11.971896955503514
2017,0.0,0.0
2018,22.0,19.964838255977497
2019,11.0,19.195906432748536
Total,12.0,12.741601597966225
